-- =============================================================================
-- DML.sql — Наповнення бази даних книжкового магазину тестовими даними
-- СУБД: SQLite
-- Кодування: UTF-8
-- Автор: [Твоє ім'я]
-- =============================================================================
-- Порядок вставки (від батьківських до дочірніх):
--   1. categories
--   2. authors
--   3. suppliers
--   4. users
--   5. clients
--   6. books
--   7. book_authors
--   8. sales
--   9. sale_items
--  10. supplies
--  11. supply_items
-- =============================================================================

PRAGMA foreign_keys = ON;

BEGIN TRANSACTION;

-- =============================================================================
-- 1. categories — статичний довідник жанрів
-- =============================================================================
INSERT INTO categories (category_id, name, description) VALUES
    (1, 'Фантастика',        'Наукова фантастика, фентезі та альтернативна історія'),
    (2, 'Роман',             'Художня проза про людські стосунки та пригоди'),
    (3, 'Детектив',          'Кримінальні історії, розслідування та трилери'),
    (4, 'Наукова література','Навчальні та науково-популярні видання'),
    (5, 'Дитяча literatura', 'Книги для дітей та підлітків'),
    (6, 'Поезія',            'Збірки віршів та поетичних творів'),
    (7, 'Історія',           'Документальна та художня історична проза');

-- =============================================================================
-- 2. authors — майстер-дані авторів
-- =============================================================================
INSERT INTO authors (author_id, first_name, last_name) VALUES
    (1,  'Ліна',       'Костенко'),
    (2,  'Іван',       'Франко'),
    (3,  'Василь',     'Шкляр'),
    (4,  'Сергій',     'Жадан'),
    (5,  'Оксана',     'Забужко'),
    (6,  'Артур',      'Конан Дойл'),
    (7,  'Стівен',     'Кінг'),
    (8,  'Дж.К.',      'Ролінг'),
    (9,  'Юрій',       'Андрухович'),
    (10, 'Марина',     'Гримич');

-- =============================================================================
-- 3. suppliers — постачальники
-- =============================================================================
INSERT INTO suppliers (supplier_id, company_name, phone, email, address) VALUES
    (1, 'Видавництво Старого Лева',  '+380322610000', 'info@starylev.com.ua',  'вул. Лева, 1, Львів'),
    (2, 'Фоліо',                     '+380577540000', 'folio@folio.com.ua',    'вул. Книжкова, 5, Харків'),
    (3, 'Видавництво А-БА-БА-ГА-ЛА-МА-ГА', '+380442230000', 'ababagalamaga@ukr.net', 'вул. Дитяча, 3, Київ'),
    (4, 'Клуб Сімейного Дозвілля',   '+380572340000', 'ksd@ksd.com.ua',        'пр. Науки, 10, Харків'),
    (5, 'Meridian Czernowitz',        '+380372550000', 'info@meridian.cv.ua',   'пл. Театральна, 2, Чернівці');

-- =============================================================================
-- 4. users — користувачі системи
-- =============================================================================
INSERT INTO users (user_id, username, password_hash, email, role) VALUES
    (1, 'admin',        '$2a$10$xKwJ9z1QvY8mN3pL5rT2uOaB4dF6gH8iJ0kL2mN4oP6qR8sT0uV2w', 'admin@bookstore.ua',    'admin'),
    (2, 'kasyr_olena',  '$2a$10$aB2cD4eF6gH8iJ0kL2mN4oP6qR8sT0uV2wX4yZ6aB2cD4eF6gH8i',  'olena@bookstore.ua',   'cashier'),
    (3, 'kasyr_mykola', '$2a$10$bC3dE5fG7hI9jK1lM3nO5pQ7rS9tU1vW3xY5zA7bC3dE5fG7hI9j',  'mykola@bookstore.ua',  'cashier'),
    (4, 'manager_ivan', '$2a$10$cD4eF6gH8iJ0kL2mN4oP6qR8sT0uV2wX4yZ6aC4dF6gH8iJ0kL2m',  'ivan@bookstore.ua',    'manager'),
    (5, 'manager_sofi', '$2a$10$dE5fG7hI9jK1lM3nO5pQ7rS9tU1vW3xY5zAc5eG7hI9jK1lM3nO5', 'sofia@bookstore.ua',   'manager');

-- =============================================================================
-- 5. clients — покупці
-- =============================================================================
INSERT INTO clients (client_id, first_name, last_name, phone, email) VALUES
    (1, 'Андрій',   'Коваленко',  '+380671234567', 'kovalenko@gmail.com'),
    (2, 'Марія',    'Петренко',   '+380632345678', 'petrenko@ukr.net'),
    (3, 'Олексій',  'Бондаренко', '+380503456789', 'bondarenko@gmail.com'),
    (4, 'Тетяна',   'Мельник',    '+380674567890', 'melnyk@gmail.com'),
    (5, 'Василь',   'Шевченко',   '+380635678901', 'shevchenko@ukr.net'),
    (6, 'Наталія',  'Іваненко',   '+380506789012', 'ivanenko@gmail.com'),
    (7, 'Дмитро',   'Олійник',    '+380677890123', 'oliynyk@gmail.com'),
    (8, 'Ірина',    'Ткаченко',   '+380638901234', 'tkachenko@ukr.net');

-- =============================================================================
-- 6. books — книги магазину
-- =============================================================================
INSERT INTO books (book_id, category_id, title, isbn, price, stock_quantity, description) VALUES
    (1,  1, 'Маруся Чурай',                  '978-966-03-8001-1', 189.00, 15, 'Роман у віршах Ліни Костенко'),
    (2,  2, 'Записки українського самашедшого','978-966-03-8002-2', 215.00, 8,  'Роман Ліни Костенко'),
    (3,  2, 'Залишенець. Чорний ворон',       '978-966-03-8003-3', 245.00, 20, 'Бестселер Василя Шкляра'),
    (4,  2, 'Ворошиловград',                  '978-966-03-8004-4', 198.00, 12, 'Роман Сергія Жадана'),
    (5,  2, 'Польові дослідження з українського сексу', '978-966-03-8005-5', 210.00, 7, 'Роман Оксани Забужко'),
    (6,  3, 'Собака Баскервілів',             '978-966-03-8006-6', 165.00, 25, 'Класичний детектив Конан Дойла'),
    (7,  1, 'Воно',                           '978-966-03-8007-7', 320.00, 10, 'Роман жахів Стівена Кінга'),
    (8,  1, 'Гаррі Поттер і філософський камінь', '978-966-03-8008-8', 285.00, 30, 'Перша книга серії Дж.К. Ролінг'),
    (9,  2, 'Рекреації',                      '978-966-03-8009-9', 178.00, 9,  'Роман Юрія Андруховича'),
    (10, 4, 'Чисте Небо',                     '978-966-03-8010-0', 155.00, 14, 'Роман Марини Гримич'),
    (11, 6, 'Вибрані поезії',                 '978-966-03-8011-1', 135.00, 18, 'Збірка поезій Івана Франка'),
    (12, 5, 'Лис Микита',                     '978-966-03-8012-2', 120.00, 22, 'Поема Івана Франка для дітей');

-- =============================================================================
-- 7. book_authors — зв'язок N:M між книгами та авторами
-- =============================================================================
INSERT INTO book_authors (book_id, author_id) VALUES
    (1,  1),  -- Маруся Чурай → Ліна Костенко
    (2,  1),  -- Записки... → Ліна Костенко
    (3,  3),  -- Залишенець → Василь Шкляр
    (4,  4),  -- Ворошиловград → Сергій Жадан
    (5,  5),  -- Польові дослідження → Оксана Забужко
    (6,  6),  -- Собака Баскервілів → Конан Дойл
    (7,  7),  -- Воно → Стівен Кінг
    (8,  8),  -- Гаррі Поттер → Дж.К. Ролінг
    (9,  9),  -- Рекреації → Юрій Андрухович
    (10, 10), -- Чисте Небо → Марина Гримич
    (11, 2),  -- Вибрані поезії → Іван Франко
    (12, 2);  -- Лис Микита → Іван Франко

-- =============================================================================
-- 8. sales — покупки (чеки)
-- =============================================================================
INSERT INTO sales (sale_id, user_id, client_id, sale_date, total_amount, payment_method) VALUES
    (1,  2, 1,    '2024-11-01 10:15:00', 404.00,  'card'),
    (2,  2, 2,    '2024-11-01 11:30:00', 245.00,  'cash'),
    (3,  3, 3,    '2024-11-02 09:45:00', 570.00,  'card'),
    (4,  2, NULL, '2024-11-02 13:00:00', 165.00,  'cash'),   -- анонімна покупка
    (5,  3, 4,    '2024-11-03 14:20:00', 605.00,  'card'),
    (6,  2, 5,    '2024-11-04 10:00:00', 198.00,  'cash'),
    (7,  3, 6,    '2024-11-05 15:45:00', 820.00,  'online'),
    (8,  2, NULL, '2024-11-06 11:10:00', 320.00,  'cash'),   -- анонімна покупка
    (9,  3, 7,    '2024-11-07 09:30:00', 393.00,  'card'),
    (10, 2, 8,    '2024-11-08 16:00:00', 500.00,  'card');

-- =============================================================================
-- 9. sale_items — позиції покупок
-- =============================================================================
INSERT INTO sale_items (sale_item_id, sale_id, book_id, quantity, unit_price) VALUES
    (1,  1,  1,  1, 189.00),  -- Чек 1: Маруся Чурай
    (2,  1,  11, 1, 135.00),  -- Чек 1: Вибрані поезії Франка
    (3,  1,  12, 1, 120.00),  -- Чек 1: Лис Микита (разом 444 → 404 знижка)
    (4,  2,  3,  1, 245.00),  -- Чек 2: Залишенець
    (5,  3,  7,  1, 320.00),  -- Чек 3: Воно
    (6,  3,  8,  1, 285.00),  -- Чек 3: Гаррі Поттер (разом 605 → 570 знижка)
    (7,  4,  6,  1, 165.00),  -- Чек 4: Собака Баскервілів (анонімний)
    (8,  5,  8,  1, 285.00),  -- Чек 5: Гаррі Поттер
    (9,  5,  2,  1, 215.00),  -- Чек 5: Записки...
    (10, 5,  12, 1, 120.00),  -- Чек 5: Лис Микита (разом 620 → 605 знижка)
    (11, 6,  4,  1, 198.00),  -- Чек 6: Ворошиловград
    (12, 7,  7,  1, 320.00),  -- Чек 7: Воно
    (13, 7,  5,  1, 210.00),  -- Чек 7: Польові дослідження
    (14, 7,  3,  1, 245.00),  -- Чек 7: Залишенець (разом 775 → 820 без знижки)
    (15, 8,  7,  1, 320.00),  -- Чек 8: Воно (анонімний)
    (16, 9,  1,  1, 189.00),  -- Чек 9: Маруся Чурай
    (17, 9,  9,  1, 178.00),  -- Чек 9: Рекреації
    (18, 9,  12, 1, 120.00),  -- Чек 9: Лис Микита (разом 487 → 393 знижка)
    (19, 10, 3,  1, 245.00),  -- Чек 10: Залишенець
    (20, 10, 4,  1, 198.00);  -- Чек 10: Ворошиловград

-- =============================================================================
-- 10. supplies — постачання
-- =============================================================================
INSERT INTO supplies (supply_id, supplier_id, supply_date, total_cost) VALUES
    (1, 1, '2024-10-01 09:00:00', 12500.00),
    (2, 2, '2024-10-05 10:00:00',  8750.00),
    (3, 3, '2024-10-10 11:00:00',  6400.00),
    (4, 1, '2024-10-20 09:30:00',  9800.00),
    (5, 4, '2024-10-25 14:00:00',  5600.00);

-- =============================================================================
-- 11. supply_items — позиції постачань
-- =============================================================================
INSERT INTO supply_items (supply_item_id, supply_id, book_id, quantity, unit_cost) VALUES
    (1,  1, 1,  20, 120.00),  -- Постачання 1: Маруся Чурай
    (2,  1, 2,  15, 140.00),  -- Постачання 1: Записки...
    (3,  1, 3,  25, 160.00),  -- Постачання 1: Залишенець
    (4,  2, 4,  20, 130.00),  -- Постачання 2: Ворошиловград
    (5,  2, 5,  15, 140.00),  -- Постачання 2: Польові дослідження
    (6,  2, 6,  30, 105.00),  -- Постачання 2: Собака Баскервілів
    (7,  3, 8,  30, 185.00),  -- Постачання 3: Гаррі Поттер
    (8,  3, 12, 30,  78.00),  -- Постачання 3: Лис Микита
    (9,  4, 7,  15, 210.00),  -- Постачання 4: Воно
    (10, 4, 9,  20, 115.00),  -- Постачання 4: Рекреації
    (11, 4, 10, 20, 100.00),  -- Постачання 4: Чисте Небо
    (12, 5, 11, 25,  88.00),  -- Постачання 5: Вибрані поезії
    (13, 5, 1,  15, 120.00);  -- Постачання 5: Маруся Чурай (додатково)

COMMIT;

-- =============================================================================
-- Перевірочні запити (можна закоментувати після перевірки)
-- =============================================================================

-- Кількість рядків у кожній таблиці
SELECT 'categories'  AS table_name, COUNT(*) AS row_count FROM categories
UNION ALL
SELECT 'authors',    COUNT(*) FROM authors
UNION ALL
SELECT 'suppliers',  COUNT(*) FROM suppliers
UNION ALL
SELECT 'users',      COUNT(*) FROM users
UNION ALL
SELECT 'clients',    COUNT(*) FROM clients
UNION ALL
SELECT 'books',      COUNT(*) FROM books
UNION ALL
SELECT 'book_authors', COUNT(*) FROM book_authors
UNION ALL
SELECT 'sales',      COUNT(*) FROM sales
UNION ALL
SELECT 'sale_items', COUNT(*) FROM sale_items
UNION ALL
SELECT 'supplies',   COUNT(*) FROM supplies
UNION ALL
SELECT 'supply_items', COUNT(*) FROM supply_items;
