-- =============================================================================
-- V2__insert_data.sql — Тестові дані книжкового магазину
-- СУБД: SQLite
-- Всі ID у форматі UUID (TEXT)
-- =============================================================================

-- =============================================================================
-- 1. categories
-- =============================================================================
INSERT INTO categories (category_id, name, description) VALUES
    ('b238d77e-2e5a-40a2-9b2d-f9f38356975a', 'Фантастика',         'Наукова фантастика, фентезі та альтернативна історія'),
    ('a105c312-7634-4b9d-9271-88f506e78923', 'Роман',              'Художня проза про людські стосунки та пригоди'),
    ('f47ac10b-58cc-4372-a567-0e02b2c3d479', 'Детектив',           'Кримінальні історії, розслідування та трилери'),
    ('8d9e2b14-c124-4f5e-967a-12a8345c6781', 'Наукова literatura', 'Навчальні та науково-популярні видання'),
    ('c9a3f2b1-d567-4e89-b123-456789abcdef', 'Дитяча literatura',  'Книги для дітей та підлітків'),
    ('7b2e1a4c-8901-4f23-a456-789012345678', 'Поезія',             'Збірки віршів та поетичних творів'),
    ('d5e6f7a8-1234-4b56-9876-543210fedcba', 'Історія',            'Документальна та художня історична проза');

-- =============================================================================
-- 2. authors
-- =============================================================================
INSERT INTO authors (author_id, first_name, last_name) VALUES
    ('aa000001-0000-0000-0000-000000000001', 'Ліна',   'Костенко'),
    ('aa000001-0000-0000-0000-000000000002', 'Іван',   'Франко'),
    ('aa000001-0000-0000-0000-000000000003', 'Василь', 'Шкляр'),
    ('aa000001-0000-0000-0000-000000000004', 'Сергій', 'Жадан'),
    ('aa000001-0000-0000-0000-000000000005', 'Оксана', 'Забужко'),
    ('aa000001-0000-0000-0000-000000000006', 'Артур',  'Конан Дойл'),
    ('aa000001-0000-0000-0000-000000000007', 'Стівен', 'Кінг'),
    ('aa000001-0000-0000-0000-000000000008', 'Дж.К.',  'Ролінг'),
    ('aa000001-0000-0000-0000-000000000009', 'Юрій',   'Андрухович'),
    ('aa000001-0000-0000-0000-000000000010', 'Марина', 'Гримич');

-- =============================================================================
-- 3. suppliers
-- =============================================================================
INSERT INTO suppliers (supplier_id, company_name, phone, email, address) VALUES
    ('bb000001-0000-0000-0000-000000000001', 'Видавництво Старого Лева',       '+380322610000', 'info@starylev.com.ua',  'вул. Лева, 1, Львів'),
    ('bb000001-0000-0000-0000-000000000002', 'Фоліо',                          '+380577540000', 'folio@folio.com.ua',    'вул. Книжкова, 5, Харків'),
    ('bb000001-0000-0000-0000-000000000003', 'Видавництво А-БА-БА-ГА-ЛА-МА-ГА','+380442230000', 'ababagalamaga@ukr.net', 'вул. Дитяча, 3, Київ'),
    ('bb000001-0000-0000-0000-000000000004', 'Клуб Сімейного Дозвілля',        '+380572340000', 'ksd@ksd.com.ua',        'пр. Науки, 10, Харків'),
    ('bb000001-0000-0000-0000-000000000005', 'Meridian Czernowitz',             '+380372550000', 'info@meridian.cv.ua',   'пл. Театральна, 2, Чернівці');

-- =============================================================================
-- 4. users
-- =============================================================================
INSERT INTO users (user_id, username, password_hash, email, role) VALUES
    ('cc000001-0000-0000-0000-000000000001', 'admin',        '$2a$10$xKwJ9z1QvY8mN3pL5rT2uOaB4dF6gH8iJ0kL2mN4oP6qR8sT0uV2w', 'admin@bookstore.ua',  'admin'),
    ('cc000001-0000-0000-0000-000000000002', 'kasyr_olena',  '$2a$10$aB2cD4eF6gH8iJ0kL2mN4oP6qR8sT0uV2wX4yZ6aB2cD4eF6gH8i',  'olena@bookstore.ua',  'cashier'),
    ('cc000001-0000-0000-0000-000000000003', 'kasyr_mykola', '$2a$10$bC3dE5fG7hI9jK1lM3nO5pQ7rS9tU1vW3xY5zA7bC3dE5fG7hI9j',  'mykola@bookstore.ua', 'cashier'),
    ('cc000001-0000-0000-0000-000000000004', 'manager_ivan', '$2a$10$cD4eF6gH8iJ0kL2mN4oP6qR8sT0uV2wX4yZ6aC4dF6gH8iJ0kL2m',  'ivan@bookstore.ua',   'manager'),
    ('cc000001-0000-0000-0000-000000000005', 'manager_sofi', '$2a$10$dE5fG7hI9jK1lM3nO5pQ7rS9tU1vW3xY5zAc5eG7hI9jK1lM3nO5', 'sofia@bookstore.ua',  'manager');

-- =============================================================================
-- 5. clients
-- =============================================================================
INSERT INTO clients (client_id, first_name, last_name, phone, email) VALUES
    ('dd000001-0000-0000-0000-000000000001', 'Андрій',  'Коваленко',  '+380671234567', 'kovalenko@gmail.com'),
    ('dd000001-0000-0000-0000-000000000002', 'Марія',   'Петренко',   '+380632345678', 'petrenko@ukr.net'),
    ('dd000001-0000-0000-0000-000000000003', 'Олексій', 'Бондаренко', '+380503456789', 'bondarenko@gmail.com'),
    ('dd000001-0000-0000-0000-000000000004', 'Тетяна',  'Мельник',    '+380674567890', 'melnyk@gmail.com'),
    ('dd000001-0000-0000-0000-000000000005', 'Василь',  'Шевченко',   '+380635678901', 'shevchenko@ukr.net'),
    ('dd000001-0000-0000-0000-000000000006', 'Наталія', 'Іваненко',   '+380506789012', 'ivanenko@gmail.com'),
    ('dd000001-0000-0000-0000-000000000007', 'Дмитро',  'Олійник',    '+380677890123', 'oliynyk@gmail.com'),
    ('dd000001-0000-0000-0000-000000000008', 'Ірина',   'Ткаченко',   '+380638901234', 'tkachenko@ukr.net');

-- =============================================================================
-- 6. books
-- =============================================================================
INSERT INTO books (book_id, category_id, title, isbn, price, stock_quantity, description) VALUES
    ('ee000001-0000-0000-0000-000000000001', 'b238d77e-2e5a-40a2-9b2d-f9f38356975a', 'Маруся Чурай',                           '978-966-03-8001-1', 189.00, 15, 'Роман у віршах Ліни Костенко'),
    ('ee000001-0000-0000-0000-000000000002', 'a105c312-7634-4b9d-9271-88f506e78923', 'Записки українського самашедшого',        '978-966-03-8002-2', 215.00,  8, 'Роман Ліни Костенко'),
    ('ee000001-0000-0000-0000-000000000003', 'a105c312-7634-4b9d-9271-88f506e78923', 'Залишенець. Чорний ворон',                '978-966-03-8003-3', 245.00, 20, 'Бестселер Василя Шкляра'),
    ('ee000001-0000-0000-0000-000000000004', 'a105c312-7634-4b9d-9271-88f506e78923', 'Ворошиловград',                           '978-966-03-8004-4', 198.00, 12, 'Роман Сергія Жадана'),
    ('ee000001-0000-0000-0000-000000000005', 'a105c312-7634-4b9d-9271-88f506e78923', 'Польові дослідження з українського сексу','978-966-03-8005-5', 210.00,  7, 'Роман Оксани Забужко'),
    ('ee000001-0000-0000-0000-000000000006', 'f47ac10b-58cc-4372-a567-0e02b2c3d479', 'Собака Баскервілів',                      '978-966-03-8006-6', 165.00, 25, 'Класичний детектив Конан Дойла'),
    ('ee000001-0000-0000-0000-000000000007', 'b238d77e-2e5a-40a2-9b2d-f9f38356975a', 'Воно',                                    '978-966-03-8007-7', 320.00, 10, 'Роман жахів Стівена Кінга'),
    ('ee000001-0000-0000-0000-000000000008', 'b238d77e-2e5a-40a2-9b2d-f9f38356975a', 'Гаррі Поттер і філософський камінь',      '978-966-03-8008-8', 285.00, 30, 'Перша книга серії Дж.К. Ролінг'),
    ('ee000001-0000-0000-0000-000000000009', 'a105c312-7634-4b9d-9271-88f506e78923', 'Рекреації',                               '978-966-03-8009-9', 178.00,  9, 'Роман Юрія Андруховича'),
    ('ee000001-0000-0000-0000-000000000010', '8d9e2b14-c124-4f5e-967a-12a8345c6781', 'Чисте Небо',                              '978-966-03-8010-0', 155.00, 14, 'Роман Марини Гримич'),
    ('ee000001-0000-0000-0000-000000000011', '7b2e1a4c-8901-4f23-a456-789012345678', 'Вибрані поезії',                          '978-966-03-8011-1', 135.00, 18, 'Збірка поезій Івана Франка'),
    ('ee000001-0000-0000-0000-000000000012', 'c9a3f2b1-d567-4e89-b123-456789abcdef', 'Лис Микита',                              '978-966-03-8012-2', 120.00, 22, 'Поема Івана Франка для дітей');

-- =============================================================================
-- 7. book_authors
-- =============================================================================
INSERT INTO book_authors (book_id, author_id) VALUES
    ('ee000001-0000-0000-0000-000000000001', 'aa000001-0000-0000-0000-000000000001'),
    ('ee000001-0000-0000-0000-000000000002', 'aa000001-0000-0000-0000-000000000001'),
    ('ee000001-0000-0000-0000-000000000003', 'aa000001-0000-0000-0000-000000000003'),
    ('ee000001-0000-0000-0000-000000000004', 'aa000001-0000-0000-0000-000000000004'),
    ('ee000001-0000-0000-0000-000000000005', 'aa000001-0000-0000-0000-000000000005'),
    ('ee000001-0000-0000-0000-000000000006', 'aa000001-0000-0000-0000-000000000006'),
    ('ee000001-0000-0000-0000-000000000007', 'aa000001-0000-0000-0000-000000000007'),
    ('ee000001-0000-0000-0000-000000000008', 'aa000001-0000-0000-0000-000000000008'),
    ('ee000001-0000-0000-0000-000000000009', 'aa000001-0000-0000-0000-000000000009'),
    ('ee000001-0000-0000-0000-000000000010', 'aa000001-0000-0000-0000-000000000010'),
    ('ee000001-0000-0000-0000-000000000011', 'aa000001-0000-0000-0000-000000000002'),
    ('ee000001-0000-0000-0000-000000000012', 'aa000001-0000-0000-0000-000000000002');

-- =============================================================================
-- 8. sales
-- =============================================================================
INSERT INTO sales (sale_id, user_id, client_id, sale_date, total_amount, payment_method) VALUES
    ('ff000001-0000-0000-0000-000000000001', 'cc000001-0000-0000-0000-000000000002', 'dd000001-0000-0000-0000-000000000001', '2024-11-01 10:15:00', 404.00, 'card'),
    ('ff000001-0000-0000-0000-000000000002', 'cc000001-0000-0000-0000-000000000002', 'dd000001-0000-0000-0000-000000000002', '2024-11-01 11:30:00', 245.00, 'cash'),
    ('ff000001-0000-0000-0000-000000000003', 'cc000001-0000-0000-0000-000000000003', 'dd000001-0000-0000-0000-000000000003', '2024-11-02 09:45:00', 570.00, 'card'),
    ('ff000001-0000-0000-0000-000000000004', 'cc000001-0000-0000-0000-000000000002', NULL,                                   '2024-11-02 13:00:00', 165.00, 'cash'),
    ('ff000001-0000-0000-0000-000000000005', 'cc000001-0000-0000-0000-000000000003', 'dd000001-0000-0000-0000-000000000004', '2024-11-03 14:20:00', 605.00, 'card'),
    ('ff000001-0000-0000-0000-000000000006', 'cc000001-0000-0000-0000-000000000002', 'dd000001-0000-0000-0000-000000000005', '2024-11-04 10:00:00', 198.00, 'cash'),
    ('ff000001-0000-0000-0000-000000000007', 'cc000001-0000-0000-0000-000000000003', 'dd000001-0000-0000-0000-000000000006', '2024-11-05 15:45:00', 820.00, 'online'),
    ('ff000001-0000-0000-0000-000000000008', 'cc000001-0000-0000-0000-000000000002', NULL,                                   '2024-11-06 11:10:00', 320.00, 'cash'),
    ('ff000001-0000-0000-0000-000000000009', 'cc000001-0000-0000-0000-000000000003', 'dd000001-0000-0000-0000-000000000007', '2024-11-07 09:30:00', 393.00, 'card'),
    ('ff000001-0000-0000-0000-000000000010', 'cc000001-0000-0000-0000-000000000002', 'dd000001-0000-0000-0000-000000000008', '2024-11-08 16:00:00', 500.00, 'card');

-- =============================================================================
-- 9. sale_items
-- =============================================================================
INSERT INTO sale_items (sale_item_id, sale_id, book_id, quantity, unit_price) VALUES
    ('a1000001-0000-0000-0000-000000000001', 'ff000001-0000-0000-0000-000000000001', 'ee000001-0000-0000-0000-000000000001', 1, 189.00),
    ('a1000001-0000-0000-0000-000000000002', 'ff000001-0000-0000-0000-000000000001', 'ee000001-0000-0000-0000-000000000011', 1, 135.00),
    ('a1000001-0000-0000-0000-000000000003', 'ff000001-0000-0000-0000-000000000001', 'ee000001-0000-0000-0000-000000000012', 1, 120.00),
    ('a1000001-0000-0000-0000-000000000004', 'ff000001-0000-0000-0000-000000000002', 'ee000001-0000-0000-0000-000000000003', 1, 245.00),
    ('a1000001-0000-0000-0000-000000000005', 'ff000001-0000-0000-0000-000000000003', 'ee000001-0000-0000-0000-000000000007', 1, 320.00),
    ('a1000001-0000-0000-0000-000000000006', 'ff000001-0000-0000-0000-000000000003', 'ee000001-0000-0000-0000-000000000008', 1, 285.00),
    ('a1000001-0000-0000-0000-000000000007', 'ff000001-0000-0000-0000-000000000004', 'ee000001-0000-0000-0000-000000000006', 1, 165.00),
    ('a1000001-0000-0000-0000-000000000008', 'ff000001-0000-0000-0000-000000000005', 'ee000001-0000-0000-0000-000000000008', 1, 285.00),
    ('a1000001-0000-0000-0000-000000000009', 'ff000001-0000-0000-0000-000000000005', 'ee000001-0000-0000-0000-000000000002', 1, 215.00),
    ('a1000001-0000-0000-0000-000000000010', 'ff000001-0000-0000-0000-000000000005', 'ee000001-0000-0000-0000-000000000012', 1, 120.00),
    ('a1000001-0000-0000-0000-000000000011', 'ff000001-0000-0000-0000-000000000006', 'ee000001-0000-0000-0000-000000000004', 1, 198.00),
    ('a1000001-0000-0000-0000-000000000012', 'ff000001-0000-0000-0000-000000000007', 'ee000001-0000-0000-0000-000000000007', 1, 320.00),
    ('a1000001-0000-0000-0000-000000000013', 'ff000001-0000-0000-0000-000000000007', 'ee000001-0000-0000-0000-000000000005', 1, 210.00),
    ('a1000001-0000-0000-0000-000000000014', 'ff000001-0000-0000-0000-000000000007', 'ee000001-0000-0000-0000-000000000003', 1, 245.00),
    ('a1000001-0000-0000-0000-000000000015', 'ff000001-0000-0000-0000-000000000008', 'ee000001-0000-0000-0000-000000000007', 1, 320.00),
    ('a1000001-0000-0000-0000-000000000016', 'ff000001-0000-0000-0000-000000000009', 'ee000001-0000-0000-0000-000000000001', 1, 189.00),
    ('a1000001-0000-0000-0000-000000000017', 'ff000001-0000-0000-0000-000000000009', 'ee000001-0000-0000-0000-000000000009', 1, 178.00),
    ('a1000001-0000-0000-0000-000000000018', 'ff000001-0000-0000-0000-000000000009', 'ee000001-0000-0000-0000-000000000012', 1, 120.00),
    ('a1000001-0000-0000-0000-000000000019', 'ff000001-0000-0000-0000-000000000010', 'ee000001-0000-0000-0000-000000000003', 1, 245.00),
    ('a1000001-0000-0000-0000-000000000020', 'ff000001-0000-0000-0000-000000000010', 'ee000001-0000-0000-0000-000000000004', 1, 198.00);

-- =============================================================================
-- 10. supplies
-- =============================================================================
INSERT INTO supplies (supply_id, supplier_id, supply_date, total_cost) VALUES
    ('a2000001-0000-0000-0000-000000000001', 'bb000001-0000-0000-0000-000000000001', '2024-10-01 09:00:00', 12500.00),
    ('a2000001-0000-0000-0000-000000000002', 'bb000001-0000-0000-0000-000000000002', '2024-10-05 10:00:00',  8750.00),
    ('a2000001-0000-0000-0000-000000000003', 'bb000001-0000-0000-0000-000000000003', '2024-10-10 11:00:00',  6400.00),
    ('a2000001-0000-0000-0000-000000000004', 'bb000001-0000-0000-0000-000000000001', '2024-10-20 09:30:00',  9800.00),
    ('a2000001-0000-0000-0000-000000000005', 'bb000001-0000-0000-0000-000000000004', '2024-10-25 14:00:00',  5600.00);

-- =============================================================================
-- 11. supply_items
-- =============================================================================
INSERT INTO supply_items (supply_item_id, supply_id, book_id, quantity, unit_cost) VALUES
    ('a3000001-0000-0000-0000-000000000001', 'a2000001-0000-0000-0000-000000000001', 'ee000001-0000-0000-0000-000000000001', 20, 120.00),
    ('a3000001-0000-0000-0000-000000000002', 'a2000001-0000-0000-0000-000000000001', 'ee000001-0000-0000-0000-000000000002', 15, 140.00),
    ('a3000001-0000-0000-0000-000000000003', 'a2000001-0000-0000-0000-000000000001', 'ee000001-0000-0000-0000-000000000003', 25, 160.00),
    ('a3000001-0000-0000-0000-000000000004', 'a2000001-0000-0000-0000-000000000002', 'ee000001-0000-0000-0000-000000000004', 20, 130.00),
    ('a3000001-0000-0000-0000-000000000005', 'a2000001-0000-0000-0000-000000000002', 'ee000001-0000-0000-0000-000000000005', 15, 140.00),
    ('a3000001-0000-0000-0000-000000000006', 'a2000001-0000-0000-0000-000000000002', 'ee000001-0000-0000-0000-000000000006', 30, 105.00),
    ('a3000001-0000-0000-0000-000000000007', 'a2000001-0000-0000-0000-000000000003', 'ee000001-0000-0000-0000-000000000008', 30, 185.00),
    ('a3000001-0000-0000-0000-000000000008', 'a2000001-0000-0000-0000-000000000003', 'ee000001-0000-0000-0000-000000000012', 30,  78.00),
    ('a3000001-0000-0000-0000-000000000009', 'a2000001-0000-0000-0000-000000000004', 'ee000001-0000-0000-0000-000000000007', 15, 210.00),
    ('a3000001-0000-0000-0000-000000000010', 'a2000001-0000-0000-0000-000000000004', 'ee000001-0000-0000-0000-000000000009', 20, 115.00),
    ('a3000001-0000-0000-0000-000000000011', 'a2000001-0000-0000-0000-000000000004', 'ee000001-0000-0000-0000-000000000010', 20, 100.00),
    ('a3000001-0000-0000-0000-000000000012', 'a2000001-0000-0000-0000-000000000005', 'ee000001-0000-0000-0000-000000000011', 25,  88.00),
    ('a3000001-0000-0000-0000-000000000013', 'a2000001-0000-0000-0000-000000000005', 'ee000001-0000-0000-0000-000000000001', 15, 120.00);